{
  "timestamp": "2025-10-26T17:03:34.103972",
  "test_set_size": 19,
  "models": {
    "CNN": {
      "accuracy": 0.3684210479259491,
      "loss": 2.320267915725708,
      "parameters": 141786,
      "model_size_mb": 1.676161766052246
    },
    "ResNet50": {
      "accuracy": 0.10526315867900848,
      "loss": 3.200542449951172,
      "parameters": 24148506,
      "model_size_mb": 97.03232669830322
    }
  }
}